{
	"name": "uuid-log",
	"description": "Logging framework",
	"keywords": "logging",
	"authors": [
		{
			"name": "Simon Arlott",
			"maintainer": true
		}
	],
	"repository": {
		"type": "git",
		"url": "https://github.com/nomis/mcu-uuid-log.git"
	},
	"version": "2.1.1",
	"license": "GPL-3.0-or-later",
	"homepage": "https://mcu-uuid-log.readthedocs.io/",
	"export": {
		"exclude": [
			".travis.yml",
			"test/*"
		]
	},
	"frameworks": [
		"arduino"
	],
	"dependencies": {
		"uuid-common": "^1.0.0"
	},
	"build": {
		"flags": "-Wall -Wextra",
		"libLDFMode": "off"
	}
}
